Emp ID,First Name,Last Name,DOB,SSN,State
232,John,Mathews,02/24/1991,***_**_9165,ND
533,Nathan,Moore,11/19/1978,***_**_7469,ME
256,Amanda,Douglas,01/08/1990,***_**_6961,ID
189,Heather,Andrews,08/11/1976,***_**_1797,VT
284,Daniel,Hernandez,07/22/1976,***_**_7473,CO
512,Danny,Pena,01/31/1978,***_**_9878,MN
126,Gary,Knight,03/08/1994,***_**_1242,AR
556,Robin,Carroll,10/14/1972,***_**_7194,CA
595,Michelle,Dickerson,02/08/1984,***_**_2817,TN
191,Kimberly,Gallegos,08/05/1972,***_**_7563,OR
55,Morgan,Parker,01/30/1986,***_**_4320,TN
623,Mason,Rhodes,01/28/1977,***_**_4767,MD
426,Amy,Griffin,02/18/1973,***_**_1946,MA
535,Danielle,House,04/16/1975,***_**_9308,ME
399,Charles,Greene,11/28/1992,***_**_2935,KY
33,Nicholas,Martinez,04/05/1979,***_**_1689,LA
302,Tracey,Meadows,01/12/1988,***_**_6175,RI
325,Renee,Evans,03/14/1991,***_**_2708,MT
188,Joseph,Estrada,03/29/1984,***_**_2571,PA
184,Jeremy,Warner,10/20/1987,***_**_1184,AL
526,Anthony,Rodriguez,02/09/1983,***_**_3865,ID
85,Kristen,Lopez,01/02/1978,***_**_8194,VA
171,Mark,Mcdonald,06/27/1984,***_**_0101,MT
74,Robert,Freeman,01/01/1984,***_**_5211,AR
69,Michael,Reynolds,10/30/1994,***_**_8507,CA
365,Kristine,Little,07/10/1974,***_**_1771,SD
149,April,Barnes,02/15/1983,***_**_3288,RI
218,Pamela,Hodges,02/19/1989,***_**_1423,UT
647,Ronald,Gilbert,05/26/1974,***_**_4448,WY
518,Thomas,Cooper,08/17/1972,***_**_9890,CO
12,Dakota,Harrington,08/24/1972,***_**_7188,VA
622,Jennifer,Porter,01/20/1991,***_**_5572,WI
159,Beverly,Jordan,08/15/1986,***_**_3762,NM
394,Mark,Brown,04/02/1975,***_**_8531,CA
158,Amy,Ford,06/05/1974,***_**_6461,NC
446,Benjamin,King,05/07/1973,***_**_8165,RI
352,Stephen,Bryant,05/15/1991,***_**_6488,SD
598,Brandi,Williams,10/15/1989,***_**_8500,MD
505,Ashley,Hutchinson,04/26/1994,***_**_1510,SC
173,Alisha,Pacheco,01/13/1982,***_**_2496,MI
84,Robert,Campbell,02/27/1973,***_**_9581,SD
406,Sandra,Sanders,10/06/1980,***_**_1673,RI
164,Katherine,Hensley,05/29/1991,***_**_7226,CT
267,Stacy,Cox,11/08/1976,***_**_0990,AL
503,Frank,Barton,06/10/1993,***_**_5568,MA
295,Shannon,Kramer,05/04/1980,***_**_7615,SC
590,Brenda,James,12/31/1977,***_**_3251,HI
97,Paula,Edwards,08/10/1988,***_**_0638,KS
3,Jennifer,Rowe,09/16/1980,***_**_9014,NY
20,David,Foster,01/09/1990,***_**_6956,MO
179,William,Boyle,01/30/1988,***_**_0490,AR
86,Christopher,Greene,05/29/1972,***_**_8446,ID
219,Matthew,Fuller,04/27/1980,***_**_2989,MS
237,Gabriela,Nguyen,12/17/1981,***_**_3729,WA
96,Allison,Diaz,03/25/1994,***_**_8927,AR
22,Isaac,Jordan,05/06/1986,***_**_0520,TX
439,Cheryl,Bailey,10/31/1991,***_**_1224,NC
146,Julie,Castillo,02/16/1988,***_**_4523,AK
271,Michael,Adams,12/10/1986,***_**_3927,FL
103,Melinda,Parsons,02/07/1986,***_**_8751,NE
540,Robert,Campbell,01/17/1987,***_**_3694,DE
144,Julie,Nelson,08/08/1994,***_**_1332,SD
594,Steven,Nelson,04/14/1989,***_**_2085,VT
176,Hailey,Lynn,03/25/1973,***_**_9488,CA
198,Dillon,Nguyen,05/26/1978,***_**_4552,IL
433,Hannah,Miller,10/18/1973,***_**_4657,NY
274,Jeffrey,Harris,05/25/1994,***_**_4763,KY
6,Daniel,Welch,08/08/1982,***_**_6950,IL
452,Bryan,Jackson,09/08/1982,***_**_8117,MD
23,Denise,George,09/07/1990,***_**_4879,WI
373,Alicia,Carney,09/10/1989,***_**_9437,OH
374,William,Peters,03/20/1986,***_**_7516,KY
200,Dustin,Drake,09/17/1993,***_**_5454,WV
428,Jessica,Thornton,01/03/1983,***_**_2381,KS
116,Rebecca,Wilson,06/08/1980,***_**_6629,MI
418,Katherine,Lane,11/01/1986,***_**_6820,NH
9,Sarah,Harper,07/27/1993,***_**_5891,AK
230,Jermaine,Hill,09/11/1988,***_**_5479,NJ
502,Michael,Marshall,04/05/1990,***_**_5125,MI
632,Kirsten,Mcbride,09/10/1973,***_**_2372,IA
112,Rachael,Holmes,07/30/1973,***_**_2067,GA
422,Leon,Foster,09/19/1975,***_**_3153,SC
131,David,Mcclain,08/02/1976,***_**_5430,OH
404,Emily,Lawrence,11/24/1991,***_**_1991,TN
504,Troy,Booth,12/27/1990,***_**_5141,TN
194,Stephanie,Ho,04/25/1983,***_**_3656,KS
567,Michele,Hendricks,03/10/1990,***_**_7341,MS
253,Eric,Harper,11/12/1986,***_**_2860,NV
407,Jonathan,Gomez,06/05/1993,***_**_4727,SD
82,Kevin,Garcia,11/25/1977,***_**_4722,NV
429,Howard,Lawson,04/13/1984,***_**_7664,MI
78,Stacy,Robertson,09/24/1974,***_**_0248,WY
167,John,Beck,07/27/1985,***_**_3635,AR
484,Julia,Morgan,03/18/1976,***_**_1731,WI
60,Allen,Leon,04/06/1975,***_**_9089,MI
400,James,Rios,03/04/1978,***_**_3987,ID
34,Ralph,Wells,10/19/1988,***_**_4237,KS
596,Megan,Chavez,10/08/1991,***_**_7659,CT
279,Ashley,Patrick,06/07/1974,***_**_0763,WY
466,Bonnie,Bowen,11/07/1993,***_**_5889,ID
327,Andrew,Lawson,04/05/1982,***_**_7313,MT
382,Tonya,Chavez,04/17/1984,***_**_5703,MT
369,Michelle,Larson,03/20/1980,***_**_3866,FL
347,Mark,Garrett,09/18/1985,***_**_4408,WY
25,Chelsea,Rivera,06/21/1987,***_**_0140,NH
317,Amanda,Krause,11/06/1977,***_**_4744,IL
321,Paige,Spencer,09/02/1991,***_**_8621,NY
193,Rhonda,Gonzales,06/07/1976,***_**_4110,ID
606,Jasmine,Kelly,06/30/1979,***_**_3251,MN
123,Amy,Sherman,08/04/1973,***_**_6029,NJ
566,David,Arroyo,04/16/1975,***_**_9403,FL
409,Robert,Lin,11/12/1975,***_**_0121,AZ
265,Paul,Wilson,06/19/1993,***_**_9871,IA
490,Paul,Meyers,03/13/1989,***_**_1680,HI
311,Jessica,Elliott,06/04/1978,***_**_1632,OH
537,Anthony,Richmond,10/05/1989,***_**_8935,AR
147,William,Rivera,03/08/1975,***_**_7032,SD
304,Sheri,Villegas,02/13/1985,***_**_8629,OR
472,Kelly,Hopkins,10/08/1984,***_**_6875,HI
348,Darren,Farrell,05/24/1991,***_**_5885,CA
91,Darlene,Harmon,05/05/1980,***_**_3052,WV
410,Rachel,Lyons,08/29/1972,***_**_0900,ME
344,David,Jacobs,02/28/1982,***_**_3682,FL
419,Christina,Weeks,10/15/1972,***_**_2028,PA
1,Andrea,Anderson,11/12/1984,***_**_5650,CT
532,Jennifer,Smith,01/31/1989,***_**_1748,GA
107,Shirley,Andrews,12/07/1981,***_**_5306,OH
166,Adrian,Rivera,02/13/1973,***_**_5638,MA
391,George,Mckinney,02/04/1984,***_**_7748,UT
67,Hailey,Boyd,11/17/1980,***_**_0270,NY
447,Tiffany,Harris,01/12/1983,***_**_9733,WV
653,Mary,Hunter,11/01/1977,***_**_6623,TX
294,Robert,Edwards,04/07/1980,***_**_5215,GA
416,Barbara,Lambert,09/07/1979,***_**_5353,ID
185,Angela,Armstrong,03/22/1990,***_**_2446,NY
637,Brett,Ward,09/27/1979,***_**_0204,MN
333,Troy,Sanchez,11/15/1990,***_**_2052,OK
579,Garrett,Carter,09/26/1988,***_**_7246,CA
215,James,Reeves,01/31/1988,***_**_1620,IN
152,Mary,Baker,07/08/1979,***_**_0954,MI
301,Alexandra,Bradley,06/13/1980,***_**_9390,AL
572,Aaron,James,03/25/1974,***_**_4596,OR
165,Thomas,Wood,08/21/1979,***_**_8269,TN
639,Charlene,Jackson,10/28/1989,***_**_8809,WY
405,Mary,Robbins,12/01/1975,***_**_9514,FL
390,Kayla,Washington,10/08/1985,***_**_6218,CT
641,Kimberly,Knapp,11/23/1992,***_**_1122,CO
51,Nicholas,Brown,09/18/1988,***_**_2869,SC
421,Rebecca,Marshall,05/06/1974,***_**_1020,PA
106,Mark,Smith,07/07/1979,***_**_5381,ND
379,Adam,Harrell,10/18/1981,***_**_0742,WV
76,Steve,Daniels,09/14/1980,***_**_3537,CO
68,Victoria,Potter,03/25/1988,***_**_4290,UT
118,Kathy,Preston,03/06/1990,***_**_9960,LA
127,Michael,Donaldson,01/01/1995,***_**_7624,CA
542,Brian,Bridges,02/22/1976,***_**_4546,MN
181,Martha,Gonzalez,01/17/1981,***_**_8342,KS
111,Paul,Rogers,01/10/1992,***_**_6284,MT
481,Dawn,Galvan,09/03/1989,***_**_8058,TN
568,Amber,West,01/19/1978,***_**_7363,ND
395,Christopher,Guerrero,01/29/1983,***_**_4036,WY
345,Stacy,Brooks,06/17/1991,***_**_4661,SC
438,Danielle,Kaiser,08/21/1975,***_**_9764,AL
403,Taylor,Boyle,09/26/1979,***_**_9756,MD
180,Donna,Howard,12/16/1978,***_**_3416,CA
616,Anne,Rios,11/26/1974,***_**_6513,HI
56,Theresa,Barnes,09/28/1976,***_**_2054,CT
153,Lori,Tate,03/08/1977,***_**_9123,NM
551,Alexandria,Baker,11/02/1974,***_**_3200,NV
135,Stephen,Hensley,09/30/1978,***_**_5372,GA
500,Jennifer,Fischer,11/19/1983,***_**_5609,UT
24,Pamela,Robinson,02/21/1981,***_**_4275,NM
81,Brendan,Gonzalez,08/02/1991,***_**_9993,SC
50,Richard,Turner,12/24/1982,***_**_9924,TN
328,Michael,Robinson,10/22/1973,***_**_2355,IL
402,Patricia,Sharp,07/13/1987,***_**_0306,MD
255,Elizabeth,Avila,03/15/1977,***_**_8453,NH
413,Christopher,Martinez,12/28/1978,***_**_8774,CT
507,Isaac,Woods,03/20/1984,***_**_6227,AK
62,Adriana,Wolf,10/17/1994,***_**_1702,OR
150,David,Pearson,06/14/1982,***_**_1781,AL
109,Matthew,Kramer,05/14/1988,***_**_4860,RI
310,Pamela,Archer,10/25/1987,***_**_2625,WV
243,Charles,Stout,12/05/1976,***_**_1997,KS
72,Daniel,Boyd,07/18/1978,***_**_1220,NY
608,Jimmy,Jones,02/19/1973,***_**_2030,MA
19,Rebecca,Hammond,02/21/1972,***_**_2706,LA
30,Emily,Diaz,12/04/1986,***_**_9174,AK
119,Chad,Wise,11/10/1988,***_**_1355,CO
162,Todd,Duran,01/14/1976,***_**_1832,KY
199,Brian,Mclaughlin,09/21/1987,***_**_2876,PA
187,Katherine,Rogers,05/13/1988,***_**_9500,ME
102,Joseph,Adams,01/18/1979,***_**_7778,WI
385,David,Lowery,10/21/1987,***_**_7963,UT
626,Janice,Young,07/07/1988,***_**_4863,WA
528,Anna,Matthews,02/09/1991,***_**_4474,TN
31,Katie,Garcia,03/22/1983,***_**_8462,AK
43,Maria,Estrada,04/30/1990,***_**_8108,LA
169,Ashley,Smith,07/16/1983,***_**_8720,TX
204,Amy,Wright,10/15/1991,***_**_8641,CA
494,Heather,Scott,08/20/1982,***_**_0361,NH
233,John,Anderson,05/30/1973,***_**_6681,NY
638,John,Anderson,01/07/1983,***_**_7935,UT
57,Kimberly,Harris,10/01/1988,***_**_5459,IA
648,Christopher,Smith,11/23/1976,***_**_2521,WI
192,Daniel,Singh,12/25/1980,***_**_7521,VA
73,Miranda,Nguyen,08/12/1981,***_**_2585,ME
477,Gregory,Simpson,07/09/1990,***_**_9365,CO
411,Daniel,Brown,04/19/1984,***_**_6526,NM
630,Susan,Thompson,05/17/1985,***_**_6074,TN
600,Rick,Johns,07/30/1984,***_**_7121,NV
634,Sean,Calhoun,07/31/1978,***_**_2261,SD
296,Alan,Holden,11/06/1994,***_**_6916,PA
154,Robin,Silva,07/14/1987,***_**_0453,AK
527,Nicole,Conrad,06/02/1985,***_**_6985,SD
635,Deanna,Russell,07/29/1972,***_**_9236,MD
229,Joshua,Bailey,07/20/1986,***_**_4031,WV
389,Daniel,Patrick,10/15/1972,***_**_8777,GA
220,William,Smith,06/04/1990,***_**_0654,AR
454,Kristin,Grant,08/23/1980,***_**_9693,WV
488,Kimberly,Velasquez,01/10/1989,***_**_4229,GA
41,Michael,Dalton,03/08/1994,***_**_2101,WI
522,Jason,Shaw,11/01/1985,***_**_4765,KY
269,Jonathon,Olson,07/08/1985,***_**_7767,SC
35,Andrea,Perry,02/01/1986,***_**_8897,CO
10,Anthony,Nguyen,10/09/1986,***_**_8472,WI
397,Anthony,Christensen,05/13/1983,***_**_8703,OH
45,Paul,Murphy,07/18/1975,***_**_9454,NJ
210,Susan,Stewart,04/23/1989,***_**_2712,GA
197,Scott,Warren,06/24/1985,***_**_3723,OH
354,Jennifer,Avery,08/08/1987,***_**_5062,LA
552,Alexander,Vaughan,08/22/1988,***_**_8562,MI
414,Laura,Parker,12/05/1973,***_**_6879,CO
134,Derek,Harrington,09/15/1990,***_**_2836,AR
11,Daniel,Wells,08/27/1994,***_**_7268,CA
222,Kelly,Phillips,11/05/1987,***_**_1324,MI
442,Lauren,Bennett,06/05/1985,***_**_4874,IA
633,Aaron,Wolf,04/09/1978,***_**_1149,WY
361,Julia,Wright,09/04/1980,***_**_6702,CO
205,Cheryl,Dennis,06/16/1986,***_**_0712,TX
18,Donna,Lopez,02/22/1985,***_**_5711,DE
459,Matthew,Gibbs,06/12/1984,***_**_9698,ID
564,Nancy,Mitchell,02/02/1988,***_**_9365,GA
138,Ashley,Bullock,07/23/1983,***_**_5394,MS
356,Andrew,Moore,01/03/1982,***_**_5178,ID
479,Joseph,Martinez,10/05/1973,***_**_9409,NH
100,Yvette,Rodriguez,09/11/1985,***_**_8123,OR
451,Carrie,Barber,11/09/1977,***_**_3083,LA
432,Ashley,Sherman,10/01/1984,***_**_1501,NE
71,Craig,Garcia,08/18/1994,***_**_3695,PA
463,Jerome,Brown,07/10/1992,***_**_9456,MD
308,Kevin,Beck,03/29/1981,***_**_7304,TN
591,Travis,Hansen,07/28/1981,***_**_6746,DE
214,Rodney,Cook,12/15/1994,***_**_6232,RI
290,Theresa,Brown,02/20/1993,***_**_3478,MN
8,Wayne,Mercer,09/21/1989,***_**_7254,MA
182,Mary,Lee,04/12/1982,***_**_7361,OH
534,Matthew,Martin,07/12/1993,***_**_7803,ID
511,Lee,Weber,12/03/1988,***_**_9830,CA
32,James,Wilson,07/23/1977,***_**_7343,OR
289,Angela,Clark,04/20/1988,***_**_3392,MN
643,Allen,Flynn,07/25/1994,***_**_7573,NH
234,Darrell,Coleman,08/24/1992,***_**_4198,WI
618,Patrick,Wells,08/03/1979,***_**_3209,MS
246,Tyler,Beck,10/20/1986,***_**_1385,HI
546,Michelle,Jenkins,11/29/1977,***_**_8254,NE
455,Scott,Miller,09/27/1991,***_**_3580,WY
341,Maria,Mcmillan,09/07/1973,***_**_3730,TX
252,Amy,Waller,10/01/1980,***_**_8763,MA
351,Jacob,Thomas,03/31/1976,***_**_8896,MS
493,Amanda,Jones,07/31/1993,***_**_0691,MN
599,Edward,Padilla,10/09/1993,***_**_5222,PA
315,Debra,Best,02/20/1973,***_**_3320,ND
577,Gregory,Roberts,01/27/1986,***_**_4496,IN
415,Suzanne,Wheeler,05/19/1985,***_**_2982,WI
303,Ann,Lewis,01/14/1976,***_**_0619,MT
478,Michelle,Peterson,06/25/1984,***_**_2154,MA
313,Adam,Thomas,12/30/1982,***_**_1297,VA
4,Donna,Owens,09/26/1987,***_**_6696,AL
249,Pamela,Lyons,09/27/1972,***_**_3318,AR
649,Victor,Lopez,10/26/1987,***_**_3964,NV
565,Matthew,Miller,04/07/1979,***_**_3517,CO
513,Kevin,Foster,10/18/1985,***_**_5090,WI
516,Alyssa,Stokes,04/01/1973,***_**_2432,OH
545,Mark,Saunders,08/23/1973,***_**_2640,VT
38,Michael,Chapman,03/13/1977,***_**_6874,OR
309,Cole,Farrell,01/29/1993,***_**_7973,IN
578,Michael,Estrada,10/12/1994,***_**_2448,OH
178,Shaun,Martinez,12/11/1982,***_**_5793,NC
359,Victoria,Moon,01/06/1976,***_**_8604,AZ
278,Brian,Peters,05/07/1982,***_**_3701,HI
292,Jose,Gonzalez,06/01/1992,***_**_9797,MD
87,John,Paul,11/20/1973,***_**_7180,KY
286,Stephanie,Smith,04/26/1978,***_**_1286,NH
221,Lisa,Wilson,11/09/1993,***_**_6950,AZ
524,Cody,Duran,01/15/1973,***_**_6706,NM
453,Ann,Johnson,06/01/1981,***_**_9046,NE
468,Paula,Hernandez,10/12/1975,***_**_2951,CA
444,Patrick,Barber,07/21/1991,***_**_9891,NY
350,Dennis,Alvarado,11/27/1973,***_**_4378,MT
462,David,Peterson,06/27/1973,***_**_7312,LA
66,Tina,Williams,11/04/1987,***_**_7775,OR
495,Bridget,Koch,02/23/1973,***_**_9714,WY
586,Adrian,Hernandez,09/08/1993,***_**_5101,NE
457,Andrea,Potter,12/26/1983,***_**_6384,NH
392,David,Williams,07/07/1990,***_**_6350,MA
202,Katherine,Wright,05/10/1987,***_**_3109,AR
467,Kevin,Taylor,04/19/1979,***_**_2293,NH
627,Latoya,Mitchell,03/15/1991,***_**_3607,ME
367,Tricia,Smith,01/24/1992,***_**_7866,CA
244,David,Miles,11/26/1993,***_**_2657,MI
620,Gina,Hoffman,03/20/1990,***_**_4213,UT
642,Tamara,Whitney,09/21/1975,***_**_9208,MO
427,John,Garcia,04/14/1987,***_**_3993,TX
539,Craig,Nunez,06/13/1972,***_**_6566,DE
98,Desiree,Ross,07/07/1981,***_**_2608,MS
324,Samantha,Ramirez,08/11/1981,***_**_7086,MD
589,David,Patton,11/19/1978,***_**_9705,PA
339,Caroline,Lopez,08/09/1981,***_**_1325,OK
645,Karen,Malone,09/03/1985,***_**_5442,CO
355,Daniel,Wright,12/31/1989,***_**_3803,FL
541,Brent,Miller,01/14/1978,***_**_9692,HI
360,Mitchell,Meyer,08/31/1991,***_**_7666,RI
39,Annette,Flores,04/19/1977,***_**_3196,NE
305,Wendy,Hendrix,08/19/1983,***_**_6634,WY
474,Alexis,Cross,08/11/1983,***_**_3694,MN
571,Jeffrey,Jones,06/27/1981,***_**_1822,SD
372,Jessica,Walsh,06/01/1976,***_**_2907,RI
559,Sherry,Henderson,02/15/1991,***_**_3768,FL
521,Jennifer,Johnson,02/17/1978,***_**_3102,OK
583,Scott,Ellison,03/31/1977,***_**_8653,NH
329,Denise,Baldwin,04/06/1992,***_**_7350,AL
201,Rebecca,James,12/04/1980,***_**_1514,MA
276,Sean,Gonzales,08/11/1981,***_**_8838,MO
592,Mary,Chavez,04/27/1990,***_**_2834,PA
124,Ralph,Martinez,02/26/1980,***_**_4024,WA
133,Thomas,Stone,03/29/1973,***_**_8227,DE
314,Christopher,Anderson,07/01/1974,***_**_1835,NC
562,Allison,Garcia,02/08/1983,***_**_0105,LA
125,Charles,Hall,09/15/1982,***_**_7617,PA
625,Lawrence,Roach,04/03/1991,***_**_2080,KY
312,Christopher,Dougherty,03/29/1978,***_**_0986,AL
90,William,Small,08/05/1990,***_**_0642,CO
236,Samuel,May,03/30/1988,***_**_0970,NJ
601,Brian,Lopez,02/13/1990,***_**_7558,DE
326,Amanda,Clark,07/23/1991,***_**_5043,MN
264,Cody,Taylor,11/13/1978,***_**_3700,SD
248,Sherry,Love,03/24/1975,***_**_8685,OR
485,Christine,Stone,11/07/1978,***_**_6503,KS
54,Kristy,Diaz,03/26/1988,***_**_1032,IA
2,Amy,Long,07/19/1982,***_**_7292,FL
298,Haley,Myers,03/20/1985,***_**_0757,MD
99,Michael,Holden,07/23/1975,***_**_7951,IN
186,Kelly,Ferrell,01/21/1982,***_**_2299,NH
593,Rachel,Valdez,05/21/1985,***_**_0852,UT
557,Kristine,Roberson,03/18/1981,***_**_0956,MN
375,Vincent,Watson,12/15/1974,***_**_8997,RI
460,Elizabeth,Bailey,07/15/1979,***_**_7230,MI
496,Mark,Mcmillan,07/08/1976,***_**_2503,MI
487,Sheri,Long,06/06/1978,***_**_5166,OH
469,Daniel,Mccall,07/12/1987,***_**_5314,NE
340,Dawn,Malone,04/19/1979,***_**_2070,TN
363,Evan,Romero,08/25/1994,***_**_3334,NM
108,Paul,Adams,04/19/1992,***_**_5765,WV
357,Tracy,Holt,10/20/1988,***_**_1413,AK
293,Charles,Wheeler,02/11/1972,***_**_5781,CA
604,Ashley,Harris,08/09/1993,***_**_7070,IL
7,Roberto,Schmidt,02/07/1994,***_**_1763,AL
94,Margaret,Barton,10/10/1975,***_**_0973,ID
227,Michelle,Diaz,09/25/1993,***_**_4889,ID
486,Mike,Duncan,12/15/1988,***_**_8115,MD
613,Alexandra,Thomas,01/12/1994,***_**_6760,SD
603,Mark,Murillo,09/22/1976,***_**_9915,MI
332,Carol,Dyer,03/12/1989,***_**_5545,HI
587,Daniel,Williams,11/17/1989,***_**_9146,NH
602,Sandra,Suarez,09/20/1980,***_**_9548,GA
398,Sarah,Hamilton,07/20/1976,***_**_3104,ND
148,Sydney,Floyd,03/31/1981,***_**_0722,CT
223,Jonathan,Hall,07/01/1978,***_**_6672,NE
574,Jennifer,Kim,10/03/1976,***_**_9504,MN
588,Kenneth,Sanchez,10/30/1980,***_**_8921,CA
157,Joseph,Carroll,05/09/1975,***_**_5984,ND
175,Jennifer,Arnold,10/18/1976,***_**_4368,AL
473,David,Le,08/31/1976,***_**_5444,MI
29,Jeffrey,Clark,06/28/1978,***_**_0316,MO
334,Jeffery,Reed,07/19/1985,***_**_6338,NJ
465,Laura,Kim,07/26/1974,***_**_3606,PA
92,Derek,Obrien,06/29/1990,***_**_6123,NH
470,Brooke,Bishop,12/18/1980,***_**_4107,CA
128,Peter,Miles,10/26/1976,***_**_3367,WA
77,Alex,Owen,10/07/1987,***_**_9252,AL
530,Michael,Fowler,08/28/1990,***_**_3995,TN
270,Katherine,Rose,01/19/1976,***_**_0446,MN
251,Daniel,Waller,04/23/1974,***_**_0011,KY
277,Ronald,Johnson,09/19/1973,***_**_8871,DE
346,Austin,Gutierrez,06/25/1979,***_**_0203,VT
238,Brandon,Chang,05/14/1984,***_**_6687,AL
143,Alexander,Murphy,05/05/1984,***_**_0664,UT
461,Stephanie,Mendoza,03/22/1977,***_**_8308,VT
5,Gregory,Moore,02/10/1982,***_**_6226,MA
117,Jonathan,Mendoza,12/30/1989,***_**_0262,MD
396,Michelle,Phillips,09/17/1988,***_**_2345,OK
517,Justin,Morgan,03/17/1976,***_**_5133,MI
228,Michael,Hubbard,09/09/1978,***_**_8972,CT
576,Travis,Little,05/14/1992,***_**_6995,WY
482,Susan,Kennedy,12/19/1988,***_**_4558,ME
611,Emily,Mcgrath,11/10/1973,***_**_7640,CO
288,Sandra,Griffin,11/13/1988,***_**_6533,NV
322,Jessica,Sullivan,01/07/1990,***_**_2665,WY
93,Timothy,Mendoza,06/09/1980,***_**_2367,NM
631,Amanda,Pearson,08/15/1979,***_**_9832,TN
95,Jeffery,Burnett,07/28/1984,***_**_4493,KS
225,Brian,Williams,01/12/1986,***_**_5701,MT
386,Randy,Dorsey,05/09/1974,***_**_0360,MO
272,Duane,Williams,10/14/1973,***_**_8818,NV
614,Colleen,Beasley,08/12/1977,***_**_3286,MA
262,Brian,Jackson,12/21/1985,***_**_9597,PA
110,Cynthia,Price,10/15/1991,***_**_6184,SD
501,Donald,Carter,07/16/1983,***_**_5922,HI
65,Lisa,Schmitt,04/23/1976,***_**_5980,TN
458,Dustin,Nichols,06/07/1977,***_**_9015,NE
224,Jay,Brown,04/24/1980,***_**_8736,TX
160,Beth,Lynch,02/13/1984,***_**_0814,AK
259,Mary,Mitchell,01/20/1982,***_**_3602,TX
547,Joshua,Rush,08/05/1986,***_**_2710,GA
358,Jillian,David,04/11/1973,***_**_4462,HI
652,Anthony,Delgado,09/19/1994,***_**_7837,FL
49,Meghan,Wilson,05/18/1988,***_**_4722,HI
437,Andrea,Montgomery,12/03/1991,***_**_6315,OH
536,Megan,Gray,10/12/1972,***_**_4006,NY
636,Sarah,Brooks,06/27/1991,***_**_6948,AR
330,Kaylee,Clark,05/29/1992,***_**_0753,WI
538,Joseph,Martin,04/13/1992,***_**_5396,AR
168,Donna,Rose,04/20/1989,***_**_1960,TN
480,Brandi,Sawyer,07/13/1979,***_**_9334,RI
543,James,Torres,01/19/1986,***_**_5026,DE
506,Jonathan,Malone,04/14/1984,***_**_9942,MN
80,Christine,Williams,08/15/1974,***_**_1974,MN
342,Christopher,Young,12/02/1988,***_**_1343,NE
364,David,Turner,02/13/1973,***_**_7108,IL
64,Gregory,Estes,10/04/1989,***_**_9235,KS
156,Shannon,Vaughn,12/27/1992,***_**_2444,AR
285,James,Mclaughlin,01/21/1981,***_**_1088,NC
79,Michael,Brown,01/13/1986,***_**_9682,OH
170,Jennifer,Crawford,07/21/1986,***_**_5861,FL
561,Michelle,Carr,06/22/1978,***_**_2759,CT
617,Andrew,Love,05/27/1991,***_**_9696,OH
515,Anna,Bennett,06/20/1977,***_**_6909,TN
644,William,Watts,10/12/1989,***_**_6883,MN
450,Cynthia,Williams,12/23/1978,***_**_5994,NY
216,Bruce,Miles,01/21/1982,***_**_0969,IA
88,Amanda,Wilson,05/23/1972,***_**_0767,NE
130,Joshua,Riley,11/08/1983,***_**_4874,IN
408,Carla,Torres,02/23/1987,***_**_7599,CT
105,Mark,Green,06/14/1977,***_**_6893,AZ
580,Stephanie,Goodwin,02/25/1986,***_**_5702,NC
388,Cameron,Allen,01/02/1986,***_**_8341,ID
316,Harold,Li,05/11/1983,***_**_2966,GA
196,Sara,Curry,06/05/1984,***_**_1678,ID
366,Caroline,Wyatt,11/12/1979,***_**_7063,NY
331,Nicole,Perez,09/28/1982,***_**_1455,MT
63,Jacqueline,Garcia,01/31/1991,***_**_8953,NC
651,Alexander,Wright,04/18/1979,***_**_7263,MN
497,Heather,Farrell,01/11/1978,***_**_0338,MA
14,Joseph,Fernandez,06/01/1978,***_**_4971,IL
52,Timothy,Chandler,03/26/1978,***_**_3897,NM
456,Gregory,Jackson,06/06/1973,***_**_0058,WY
412,Thomas,Patterson,05/06/1977,***_**_4561,VA
283,Timothy,Suarez,01/12/1977,***_**_3073,WI
174,Jennifer,Jensen,03/09/1991,***_**_4293,GA
509,Andrew,Hogan,06/08/1990,***_**_5943,ND
254,Dale,Hartman,10/01/1993,***_**_9502,ME
531,Jennifer,Williams,02/27/1977,***_**_9054,OK
104,Antonio,Perez,02/09/1980,***_**_4115,NC
549,Joshua,Hicks,01/07/1985,***_**_4786,KS
183,Edward,Thompson,08/31/1994,***_**_8605,OH
612,Lee,Zamora,03/17/1979,***_**_3321,UT
492,Wyatt,Rivers,02/07/1984,***_**_5135,KY
27,Michelle,Reeves,11/23/1972,***_**_1066,PA
287,Joanna,Hopkins,04/17/1973,***_**_2714,MA
584,Joseph,Mitchell,05/18/1980,***_**_7441,VA
624,Ariel,Ray,09/11/1972,***_**_2732,OR
53,Shawn,Murray,10/30/1990,***_**_5217,MS
206,Jose,Spears,03/01/1976,***_**_2675,NH
211,Caroline,Mayer,05/03/1973,***_**_2487,WY
646,David,Weaver,08/11/1976,***_**_2750,ME
336,Kelly,Sullivan,04/12/1988,***_**_7284,NV
555,Kyle,Ramirez,05/30/1984,***_**_2839,WA
560,Carrie,Davis,06/20/1984,***_**_6558,WA
203,Catherine,Martinez,04/28/1990,***_**_6917,NM
217,Amanda,Lewis,12/05/1988,***_**_0504,MT
371,Katherine,Bailey,03/04/1994,***_**_3545,WV
605,Rodney,Smith,05/08/1975,***_**_3105,NH
337,Savannah,Saunders,05/12/1984,***_**_2473,IA
381,Claudia,Oneal,04/01/1987,***_**_9008,TX
508,Roy,Johnson,03/30/1984,***_**_6344,AK
58,Michelle,Smith,07/08/1982,***_**_6834,NV
401,Amanda,Haney,04/11/1983,***_**_9019,IA
163,Theresa,Fletcher,10/22/1992,***_**_0535,VA
548,Debra,Green,07/20/1988,***_**_5376,SC
161,John,Cox,12/11/1985,***_**_7739,OH
464,Beth,Harris,12/22/1982,***_**_5871,RI
476,Erica,Mcconnell,07/01/1981,***_**_0878,MA
208,Kimberly,Johnson,01/22/1992,***_**_4304,PA
378,Kyle,Aguirre,10/24/1973,***_**_4469,NE
654,Nicole,English,04/30/1977,***_**_9164,HI
585,Bonnie,Turner,04/01/1973,***_**_0208,MD
621,Maurice,Gillespie,09/07/1984,***_**_8509,GA
300,Corey,Adams,10/08/1988,***_**_2578,OR
640,Brett,Nelson,06/20/1986,***_**_3049,MD
297,Melody,Nelson,01/23/1979,***_**_1931,VA
209,James,Young,04/12/1980,***_**_8557,ME
320,Robert,Smith,04/14/1994,***_**_0748,MS
242,Caroline,Larson,05/05/1990,***_**_7178,LA
258,Megan,Robinson,03/24/1973,***_**_1601,WV
570,Shawn,Edwards,01/19/1978,***_**_4865,LA
417,David,Evans,09/15/1977,***_**_6773,WA
281,Julie,Price,01/20/1993,***_**_3599,PA
436,Briana,Webster,02/08/1978,***_**_3704,PA
441,Robin,Oconnor,02/27/1978,***_**_0782,NH
425,Albert,Davidson,01/20/1975,***_**_9182,CA
553,Mark,Chen,04/02/1989,***_**_3553,WY
266,Elizabeth,Lynn,02/25/1992,***_**_8647,MA
40,Tracy,Gonzalez,11/01/1983,***_**_4059,WY
609,Patricia,Fletcher,06/30/1979,***_**_2311,RI
471,Tammy,Salinas,12/29/1980,***_**_3850,NC
307,Roger,Wright,03/04/1974,***_**_3080,MO
353,Kelly,Castillo,04/13/1992,***_**_7622,WA
393,Charles,Kelley,04/14/1993,***_**_1133,OK
607,David,Johnson,06/23/1985,***_**_9729,DE
483,David,Cervantes,01/08/1983,***_**_0082,WA
370,Valerie,Lopez,04/10/1983,***_**_0441,AL
273,Sarah,Hayes,11/20/1984,***_**_8195,CT
141,Christina,Arnold,10/20/1979,***_**_2313,NY
338,Cynthia,Bennett,11/26/1973,***_**_7899,MD
15,Michelle,Huang,04/09/1983,***_**_8363,UT
120,Amanda,Dodson,03/04/1973,***_**_6056,KS
75,Jeff,Hawkins,08/10/1992,***_**_5606,IL
115,Patrick,Taylor,07/29/1991,***_**_5595,MO
629,Elizabeth,Howard,11/05/1984,***_**_2641,AZ
299,Noah,White,04/30/1977,***_**_0897,SC
498,Caroline,Jackson,12/29/1983,***_**_4102,DE
445,Andrea,Wright,06/15/1978,***_**_8386,OH
582,Sara,Smith,01/02/1983,***_**_9188,TN
245,Jennifer,Rodriguez,04/23/1974,***_**_2538,NM
129,Deanna,Terrell,02/05/1990,***_**_5743,OK
544,Kristina,Summers,02/17/1989,***_**_3058,OR
377,Laura,Mercado,04/05/1974,***_**_9514,MI
155,Matthew,Kane,11/17/1990,***_**_9385,PA
440,Tamara,White,05/20/1980,***_**_6614,FL
550,Samantha,Thompson,06/04/1976,***_**_9230,NY
47,John,Mcmillan,03/02/1983,***_**_7301,NV
89,Andrea,Webb,12/11/1985,***_**_7815,VA
145,Lori,Odonnell,10/22/1989,***_**_2415,KS
554,Ronald,Huerta,12/13/1973,***_**_6058,OK
523,Chelsea,Foster,03/26/1974,***_**_4094,AK
499,Daniel,Lopez,09/07/1989,***_**_2639,AR
37,Jonathan,Jones,01/13/1977,***_**_7798,MN
384,Jessica,Gaines,04/23/1981,***_**_9332,CO
514,Timothy,Morris,06/16/1981,***_**_2962,WY
260,Donna,Campbell,07/14/1993,***_**_2369,NV
239,Tonya,Martinez,09/04/1972,***_**_7702,IA
420,Pamela,Moore,02/20/1980,***_**_9532,NJ
380,Michelle,Ali,05/05/1993,***_**_3823,KS
387,Alexander,Gibson,10/27/1983,***_**_1036,CO
207,Jay,Smith,03/06/1985,***_**_6315,CT
318,Teresa,Watkins,07/27/1972,***_**_5707,NY
16,Bradley,Guzman,05/08/1980,***_**_2817,WY
61,Rhonda,Young,06/03/1979,***_**_2336,NE
280,Brandon,Davis,07/22/1977,***_**_1621,AZ
13,Brandon,Farmer,08/10/1980,***_**_2601,TX
563,Barbara,Murphy,10/30/1989,***_**_9225,AR
569,James,King,04/21/1978,***_**_1432,AK
575,Drew,Kelly,03/25/1993,***_**_3264,WA
319,Virginia,Wise,02/18/1982,***_**_8887,OR
122,Mary,Hernandez,01/29/1990,***_**_5268,NY
520,Ryan,Russell,01/06/1975,***_**_3828,HI
489,Amanda,Smith,08/05/1989,***_**_3579,DE
136,Morgan,Dunn,07/13/1980,***_**_1601,AZ
142,Kimberly,Shaw,06/11/1973,***_**_7577,MA
250,Kathleen,Klein,01/15/1990,***_**_3388,NM
383,Diana,Meyers,09/13/1972,***_**_4296,TN
650,Logan,Smith,03/26/1990,***_**_0194,MN
231,Tracy,Martin,05/03/1975,***_**_0726,AK
431,Edwin,Martin,02/13/1988,***_**_9168,MO
306,Kelly,Moran,07/14/1976,***_**_0670,NV
151,Robert,Smith,01/12/1987,***_**_2300,ID
519,Jane,Martinez,01/30/1991,***_**_3977,AZ
172,Denise,Castillo,10/10/1983,***_**_0042,LA
121,Jonathon,Brock,04/30/1980,***_**_9917,CO
140,Amanda,Franco,09/24/1994,***_**_5413,AK
48,Heather,Robinson,11/20/1985,***_**_1929,MN
282,Kathryn,Stout,08/24/1987,***_**_9637,IA
42,Cory,Hopkins,03/13/1977,***_**_9491,AK
247,Ryan,Snyder,07/14/1982,***_**_9330,MA
59,Sara,Walker,08/16/1985,***_**_5423,NE
137,Daniel,Garcia,04/21/1979,***_**_3001,WI
257,Paul,Evans,06/25/1977,***_**_4302,MN
343,Elizabeth,Olson,01/22/1976,***_**_7163,MA
195,Ann,Romero,10/27/1989,***_**_4046,DE
268,Thomas,Jensen,02/23/1991,***_**_3430,OH
558,Brian,Davila,07/05/1982,***_**_3711,DE
70,Donna,Howard,03/31/1990,***_**_7432,MS
28,Kimberly,Massey,01/01/1981,***_**_4649,MO
132,Jeremy,Cross,11/22/1987,***_**_4632,HI
335,Dennis,Thomas,06/11/1989,***_**_5032,IN
349,Kenneth,Martin,08/24/1989,***_**_4681,MI
510,Tyler,Brewer,06/28/1972,***_**_9006,HI
36,Scott,Brooks,02/24/1972,***_**_4958,NY
430,Derrick,Fritz,12/05/1982,***_**_0071,IA
376,Christine,Munoz,11/17/1974,***_**_0149,MO
226,Julie,Robbins,11/23/1976,***_**_4571,IN
240,Rachel,Cook,03/03/1982,***_**_9042,NM
291,Kyle,Hoffman,12/25/1984,***_**_7692,MT
619,Nancy,Nguyen,07/05/1976,***_**_3939,VA
424,John,Wells,05/25/1993,***_**_3026,NH
212,Robert,Ellison,07/16/1979,***_**_9579,NE
263,Keith,Robinson,04/15/1978,***_**_3579,NC
443,Dennis,Osborn,11/15/1973,***_**_3531,MA
26,Ronald,Hays,12/21/1993,***_**_6430,TX
491,Leslie,Brown,06/15/1973,***_**_1806,NJ
114,Maria,Chapman,12/20/1973,***_**_7300,OK
434,Melissa,Torres,03/22/1981,***_**_6921,NM
615,Joshua,Weaver,11/20/1982,***_**_7030,IA
525,Crystal,Martin,08/29/1993,***_**_0679,ME
44,Sheri,Ball,08/04/1991,***_**_7548,AZ
475,Steven,Ritter,02/11/1986,***_**_8004,OH
529,Linda,Krause,12/22/1978,***_**_4382,SD
83,John,Myers,07/25/1989,***_**_1869,NJ
275,Mark,White,09/09/1992,***_**_7830,ID
190,Diana,Smith,12/02/1973,***_**_3506,IL
423,Karen,Lyons,06/09/1990,***_**_9081,OK
581,Laura,Glenn,10/20/1992,***_**_1468,TX
177,Diana,Spence,09/20/1983,***_**_4751,MA
573,Samantha,Farley,07/10/1977,***_**_2351,WA
46,Kayla,Mitchell,10/13/1975,***_**_9155,WI
17,Crystal,Myers,12/31/1980,***_**_6532,OH
101,Brooke,Jones,04/09/1979,***_**_2606,TN
261,John,Mueller,03/22/1987,***_**_7849,MD
435,Karla,Rosales,07/10/1983,***_**_1729,IL
448,Jennifer,Brown,08/23/1977,***_**_0700,MA
597,Blake,Jimenez,09/10/1977,***_**_3810,KS
628,Michael,Garcia,11/05/1980,***_**_4294,IL
610,Jermaine,Quinn,12/24/1989,***_**_1754,CA
113,Patricia,Cruz,04/22/1976,***_**_3822,IN
235,Cameron,Mcintosh,02/01/1975,***_**_8921,NV
21,Michelle,Brewer,06/10/1988,***_**_6836,OK
362,Hannah,Nolan,09/15/1978,***_**_1332,OK
368,Erica,Johnson,05/27/1978,***_**_9413,LA
323,Jeremy,Obrien,01/13/1982,***_**_7592,OR
